learning_rate,max_iter,max_leaf_nodes,min_samples_leaf,l2_regularization,rows,stress_rate,roc_auc,average_precision,log_loss,brier_score,accuracy_at_0_5,precision_at_0_5,recall_at_0_5,f1_at_0_5,confusion_matrix_at_0_5
0.03,100,7,20,0.0,150,0.453333,0.672884,0.643764,0.640368,0.224414,0.653333,0.690476,0.426471,0.527273,"[[69, 13], [39, 29]]"
0.03,100,7,20,1.0,150,0.453333,0.670732,0.640746,0.640316,0.224425,0.66,0.680851,0.470588,0.556522,"[[67, 15], [36, 32]]"
0.03,100,15,20,0.0,150,0.453333,0.663379,0.626988,0.654752,0.231663,0.613333,0.592593,0.470588,0.52459,"[[60, 22], [36, 32]]"
0.03,100,15,10,0.0,150,0.453333,0.662303,0.641439,0.652769,0.228846,0.626667,0.62,0.455882,0.525424,"[[63, 19], [37, 31]]"
0.03,200,15,20,1.0,150,0.453333,0.661944,0.622136,0.668696,0.236326,0.613333,0.589286,0.485294,0.532258,"[[59, 23], [35, 33]]"
0.03,100,7,30,1.0,150,0.453333,0.661316,0.633615,0.644659,0.226378,0.653333,0.690476,0.426471,0.527273,"[[69, 13], [39, 29]]"
0.03,100,7,10,1.0,150,0.453333,0.660868,0.627438,0.649116,0.228283,0.666667,0.736842,0.411765,0.528302,"[[72, 10], [40, 28]]"
0.03,100,7,30,0.0,150,0.453333,0.66042,0.627947,0.649292,0.228551,0.633333,0.658537,0.397059,0.495413,"[[68, 14], [41, 27]]"
0.06,100,15,30,0.0,150,0.453333,0.659254,0.606119,0.679998,0.238436,0.633333,0.618182,0.5,0.552846,"[[61, 21], [34, 34]]"
0.06,100,15,20,1.0,150,0.453333,0.658895,0.619735,0.669984,0.236344,0.62,0.603774,0.470588,0.528926,"[[61, 21], [36, 32]]"
0.03,200,7,20,1.0,150,0.453333,0.658357,0.644881,0.647026,0.227022,0.653333,0.666667,0.470588,0.551724,"[[66, 16], [36, 32]]"
0.06,100,15,30,1.0,150,0.453333,0.658178,0.611479,0.673972,0.237612,0.6,0.574074,0.455882,0.508197,"[[59, 23], [37, 31]]"
0.03,200,15,20,0.0,150,0.453333,0.657999,0.627782,0.673739,0.238596,0.606667,0.581818,0.470588,0.520325,"[[59, 23], [36, 32]]"
0.03,100,15,20,1.0,150,0.453333,0.656564,0.621683,0.652335,0.230367,0.62,0.603774,0.470588,0.528926,"[[61, 21], [36, 32]]"
0.06,200,15,30,1.0,150,0.453333,0.656385,0.593909,0.709514,0.247857,0.62,0.590164,0.529412,0.55814,"[[57, 25], [32, 36]]"
0.03,100,15,30,0.0,150,0.453333,0.655846,0.61017,0.658515,0.232683,0.64,0.634615,0.485294,0.55,"[[63, 19], [35, 33]]"
0.06,200,15,30,0.0,150,0.453333,0.655846,0.588451,0.722711,0.250482,0.646667,0.622951,0.558824,0.589147,"[[59, 23], [30, 38]]"
0.06,200,7,20,1.0,150,0.453333,0.654591,0.628666,0.670922,0.235244,0.633333,0.618182,0.5,0.552846,"[[61, 21], [34, 34]]"
0.06,100,15,10,1.0,150,0.453333,0.654053,0.628204,0.676721,0.237075,0.646667,0.641509,0.5,0.561983,"[[63, 19], [34, 34]]"
0.03,100,7,10,0.0,150,0.453333,0.653694,0.622478,0.653388,0.229949,0.666667,0.736842,0.411765,0.528302,"[[72, 10], [40, 28]]"
0.06,100,7,20,1.0,150,0.453333,0.652977,0.629728,0.650958,0.228933,0.646667,0.659574,0.455882,0.53913,"[[66, 16], [37, 31]]"
0.03,200,7,20,0.0,150,0.453333,0.652439,0.63548,0.652862,0.229148,0.68,0.727273,0.470588,0.571429,"[[70, 12], [36, 32]]"
0.03,200,15,10,0.0,150,0.453333,0.651363,0.62901,0.683257,0.239081,0.613333,0.596154,0.455882,0.516667,"[[61, 21], [37, 31]]"
0.03,100,15,30,1.0,150,0.453333,0.651184,0.609412,0.659803,0.23331,0.646667,0.653061,0.470588,0.547009,"[[65, 17], [36, 32]]"
0.03,200,15,30,0.0,150,0.453333,0.650466,0.606592,0.679692,0.241155,0.606667,0.581818,0.470588,0.520325,"[[59, 23], [36, 32]]"
0.06,200,7,30,1.0,150,0.453333,0.648314,0.615651,0.679438,0.237466,0.64,0.625,0.514706,0.564516,"[[61, 21], [33, 35]]"
0.03,200,15,30,1.0,150,0.453333,0.647238,0.597198,0.679692,0.240554,0.62,0.6,0.485294,0.536585,"[[60, 22], [35, 33]]"
0.06,200,15,20,1.0,150,0.453333,0.646879,0.605833,0.710567,0.249629,0.62,0.59322,0.514706,0.551181,"[[58, 24], [33, 35]]"
0.06,100,15,20,0.0,150,0.453333,0.646162,0.624578,0.6806,0.242273,0.613333,0.589286,0.485294,0.532258,"[[59, 23], [35, 33]]"
0.06,100,7,10,1.0,150,0.453333,0.644907,0.622558,0.666948,0.234494,0.68,0.717391,0.485294,0.578947,"[[69, 13], [35, 33]]"
0.03,200,15,10,1.0,150,0.453333,0.644548,0.625438,0.683385,0.239821,0.633333,0.618182,0.5,0.552846,"[[61, 21], [34, 34]]"
0.06,200,7,10,0.0,150,0.453333,0.644369,0.63183,0.690166,0.240002,0.64,0.652174,0.441176,0.526316,"[[66, 16], [38, 30]]"
0.06,100,15,10,0.0,150,0.453333,0.643651,0.626222,0.686376,0.240991,0.626667,0.611111,0.485294,0.540984,"[[61, 21], [35, 33]]"
0.06,100,7,30,1.0,150,0.453333,0.643113,0.622651,0.658651,0.232083,0.633333,0.638298,0.441176,0.521739,"[[65, 17], [38, 30]]"
0.06,200,7,20,0.0,150,0.453333,0.642934,0.635227,0.681091,0.238982,0.646667,0.636364,0.514706,0.569106,"[[62, 20], [33, 35]]"
0.03,100,15,10,1.0,150,0.453333,0.642217,0.629694,0.662406,0.233357,0.64,0.62963,0.5,0.557377,"[[62, 20], [34, 34]]"
0.06,200,7,10,1.0,150,0.453333,0.641858,0.629806,0.688775,0.240719,0.64,0.62963,0.5,0.557377,"[[62, 20], [34, 34]]"
0.06,200,7,30,0.0,150,0.453333,0.641858,0.609495,0.684791,0.241106,0.633333,0.622642,0.485294,0.545455,"[[62, 20], [35, 33]]"
0.06,100,7,20,0.0,150,0.453333,0.641499,0.631481,0.658653,0.231883,0.666667,0.704545,0.455882,0.553571,"[[69, 13], [37, 31]]"
0.03,200,7,10,0.0,150,0.453333,0.641499,0.622067,0.671474,0.23571,0.653333,0.673913,0.455882,0.54386,"[[67, 15], [37, 31]]"
0.03,200,7,30,1.0,150,0.453333,0.641499,0.618565,0.660757,0.232944,0.646667,0.659574,0.455882,0.53913,"[[66, 16], [37, 31]]"
0.06,100,7,10,0.0,150,0.453333,0.640782,0.622247,0.669988,0.235548,0.653333,0.681818,0.441176,0.535714,"[[68, 14], [38, 30]]"
0.03,200,7,10,1.0,150,0.453333,0.640782,0.62001,0.666627,0.234224,0.673333,0.711111,0.470588,0.566372,"[[69, 13], [36, 32]]"
0.06,200,15,10,1.0,150,0.453333,0.639885,0.62722,0.729562,0.251665,0.626667,0.603448,0.514706,0.555556,"[[59, 23], [33, 35]]"
0.06,200,15,10,0.0,150,0.453333,0.638092,0.623304,0.750195,0.2584,0.613333,0.589286,0.485294,0.532258,"[[59, 23], [35, 33]]"
0.03,200,7,30,0.0,150,0.453333,0.637554,0.618108,0.668854,0.236079,0.646667,0.659574,0.455882,0.53913,"[[66, 16], [37, 31]]"
0.06,200,15,20,0.0,150,0.453333,0.637195,0.617719,0.734225,0.260612,0.593333,0.555556,0.514706,0.534351,"[[54, 28], [33, 35]]"
0.06,100,7,30,0.0,150,0.453333,0.627869,0.606702,0.674556,0.238122,0.646667,0.659574,0.455882,0.53913,"[[66, 16], [37, 31]]"
